title,slug,lesson__slug,display_order,question_count,source_note
LUYỆN TẬP,luyen-tap,,1,34,Thaolejp - Khoa BJT Kinh ngu (04/2025)
BÀI TẬP 1,bai-tap-1,,2,10,Thaolejp - Khoa BJT Kinh ngu (04/2025)
BÀI TẬP 2,bai-tap-2,,3,10,Thaolejp - Khoa BJT Kinh ngu (04/2025)
BÀI TẬP 3,bai-tap-3,,4,10,Thaolejp - Khoa BJT Kinh ngu (04/2025)
BÀI TẬP 4,bai-tap-4,,5,15,Thaolejp - Khoa BJT Kinh ngu (04/2025)
BÀI TẬP 5,bai-tap-5,,6,15,Thaolejp - Khoa BJT Kinh ngu (04/2025)
BÀI TẬP 6,bai-tap-6,,7,10,Thaolejp - Khoa BJT Kinh ngu (04/2025)
BÀI TẬP 7,bai-tap-7,,8,10,Thaolejp - Khoa BJT Kinh ngu (04/2025)
BÀI TẬP 8,bai-tap-8,,9,10,Thaolejp - Khoa BJT Kinh ngu (04/2025)
BÀI TẬP 9,bai-tap-9,,10,10,Thaolejp - Khoa BJT Kinh ngu (04/2025)
BÀI TẬP 10,bai-tap-10,,11,10,Thaolejp - Khoa BJT Kinh ngu (04/2025)
BÀI TẬP 11,bai-tap-11,,12,14,Thaolejp - Khoa BJT Kinh ngu (04/2025)
BÀI TẬP 12,bai-tap-12,,13,15,Thaolejp - Khoa BJT Kinh ngu (04/2025)
BÀI TẬP 13,bai-tap-13,,14,19,Thaolejp - Khoa BJT Kinh ngu (04/2025)
BÀI TẬP 14,bai-tap-14,,15,18,Thaolejp - Khoa BJT Kinh ngu (04/2025)
BÀI TẬP 15,bai-tap-15,,16,20,Thaolejp - Khoa BJT Kinh ngu (04/2025)
BÀI TẬP 16,bai-tap-16,,17,32,Thaolejp - Khoa BJT Kinh ngu (04/2025)
