code,section__exercise_set__slug,section__number,number,question_type,context_note,stem_jp,star_position,correct_order,explanation_vi
lt-m1-q01,luyen-tap,1,1,mcq_blank,,これは私が父に____時計です。,,,
lt-m1-q02,luyen-tap,1,2,mcq_blank,,友達に誕生日のプレゼントを____つもりです。,,,
lt-m1-q03,luyen-tap,1,3,mcq_blank,,すみません、疲れたので____いただけませんか。,,,
lt-m1-q04,luyen-tap,1,4,mcq_blank,,よく分からなかったので、もう一度説明して____ませんか。,,,
lt-m1-q05,luyen-tap,1,5,mcq_blank,,駅までの地図をかいて____たいんですが。,,,
lt-m1-q06,luyen-tap,1,6,mcq_blank,,お金を忘れて困っていた私に、川上さんが貸して____,,,
lt-m1-q07,luyen-tap,1,7,mcq_blank,,この荷物重いので、運ぶのを____,,,
lt-m1-q08,luyen-tap,1,8,mcq_blank,,先日お願いした本は、もう____,,,
lt-m2-q01,luyen-tap,2,1,mcq_blank,,お客様、そちらの用紙の方のご記入は____,,,
lt-m2-q02,luyen-tap,2,2,mcq_blank,,カードを____場合は、再発行の手数料がかかります。,,,
lt-m2-q03,luyen-tap,2,3,mcq_blank,,申し訳ございません。ただ今オンラインシステムの故障のため、窓口でのみ業務を____いただいております。,,,
lt-m2-q04,luyen-tap,2,4,mcq_blank,,お客様のお荷物は4日まで保管いたしますが、お申し出があればさらに、1週間延長して____,,,
lt-m2-q05,luyen-tap,2,5,mcq_blank,,もう少し広い家を探しているんですが、いいところがあったら____いただけませんか。,,,
lt-m2-q06,luyen-tap,2,6,mcq_blank,,引越しの荷造りは当社ですべていたしますが、貴重品だけはそちら様で管理____ください。,,,
lt-m2-q07,luyen-tap,2,7,mcq_blank,,今は2部屋になっておりますが、お客様のご希望に合わせて広いワンルームとしても____,,,
lt-m2-q08,luyen-tap,2,8,mcq_blank,,お引越しの方、おすみになったんですね。お手伝いに____,,,
lt-m2-q09,luyen-tap,2,9,mcq_blank,,前髪はどう____,,,
lt-m2-q10,luyen-tap,2,10,mcq_blank,,"客「このシャツのそで、汚れが落ちていなかったんですけど。」
店の人「あ、それは申し訳ございません。すぐやり直し____」",,,
lt-m2-q11,luyen-tap,2,11,mcq_blank,,再度お届けに____が、お留守のようでしたので、このまま持ち帰ります。,,,
lt-m2-q12,luyen-tap,2,12,mcq_blank,,お客様にはこのヘアスタイルが一番____と思います。,,,
lt-m2-q13,luyen-tap,2,13,mcq_blank,,婚姻届ですね、おめでとうございます。確かに受理____,,,
lt-m2-q14,luyen-tap,2,14,mcq_blank,,（ピッピーッ）10キロオーバーしてますよ。制限速度を____,,,
lt-m2-q15,luyen-tap,2,15,mcq_blank,,税金をまとめて____少しお安くなりますよ。,,,
lt-m2-q16,luyen-tap,2,16,mcq_blank,,代理の方が____場合は、委任状が必要となります。,,,
lt-m3-q01,luyen-tap,3,1,mcq_blank,,B「部長、私の父（1）。父さん、こちらがいつもお世話になっている部長のAさんです。」,,,
lt-m3-q02,luyen-tap,3,2,mcq_blank,,Bの父「はじめまして。息子が大変お世話になって（2）。」,,,
lt-m3-q03,luyen-tap,4,3,mcq_blank,,D「部長、先ほど○○会社のBさんよりお電話がありました。先日の展示会でうちの新製品を（3）興味をもたれたようで、ぜひ詳しい資料がほしいと（4）。」,,,
lt-m3-q04,luyen-tap,4,4,mcq_blank,,D「部長、先ほど○○会社のBさんよりお電話がありました。先日の展示会でうちの新製品を（3）興味をもたれたようで、ぜひ詳しい資料がほしいと（4）。」,,,
lt-m3-q05,luyen-tap,4,5,mcq_blank,,C「ああ、そう。じゃ、私が先方に直接お電話を（5）。,,,
lt-m3-q06,luyen-tap,4,6,mcq_blank,,B「早速お電話いただきまして、ありがとうございます。ではよく検討（6）後日、部長のAよりご連絡（7）。」,,,
lt-m3-q07,luyen-tap,4,7,mcq_blank,,B「早速お電話いただきまして、ありがとうございます。ではよく検討（6）後日、部長のAよりご連絡（7）。」,,,
lt-m3-q08,luyen-tap,5,8,mcq_blank,,会社の受付「A様でいらっしゃいますね。部長のCより（8）。ただ今お取り次ぎいたしますので、こちらにおかけになってお待ちくださいませ。」,,,
lt-m3-q09,luyen-tap,5,9,mcq_blank,,会社の受付「部長、A様が（9）。」,,,
lt-m3-q10,luyen-tap,5,10,mcq_blank,,C「あ、そう。じゃ、応接室の方へ（10）すぐ行くから。」,,,
bt01-q01,bai-tap-1,1,1,mcq_blank,,「中山と申しますが、木村先生、____。」,,,
bt01-q02,bai-tap-1,1,2,mcq_blank,,森田先輩、論文のことでお____したいことがあるんですが。,,,
bt01-q03,bai-tap-1,1,3,mcq_blank,,"A「山田先生、進学のことで相談したいことがあるのですが、何時までお部屋にいらっしゃいますか。」
B「今日は4時まで____。」",,,
bt01-q04,bai-tap-1,1,4,mcq_blank,,田中さんは何をお飲みに____か。,,,
bt01-q05,bai-tap-1,1,5,mcq_blank,,今からパーティーが始まります。みなさん、どうぞ最後まで____ください。,,,
bt01-q06,bai-tap-1,1,6,mcq_blank,,どうぞ遠慮なくお____ください。,,,
bt01-q07,bai-tap-1,1,7,mcq_blank,,それについては、私の方からご説明____。,,,
bt01-q08,bai-tap-1,1,8,mcq_blank,,"A「この辞書を使わせてくださいませんか。」
B「はい、____。」",,,
bt01-q09,bai-tap-1,1,9,mcq_blank,（レストランで）,"高木「6時に予約をお願いした高木ですが。」
店員「高木様ですね。お席にご案内____。どうぞこちらへ。」",,,
bt01-q10,bai-tap-1,1,10,mcq_blank,,"客「あのう、この黄色いのは何のアイスクリームですか。」
店員「パイナップルのアイスクリーム____。」",,,
bt02-q01,bai-tap-2,1,1,mcq_blank,,"A「先生、お荷物を____。」
B「ありがとう。じゃあ、よろしく。」",,,
bt02-q02,bai-tap-2,1,2,mcq_blank,,社長はいま電話に出て____ので、しばらくお待ちください。,,,
bt02-q03,bai-tap-2,1,3,mcq_blank,（食堂で）,"客「ランチセット、お願いします。」
店員「Aセットと Bセット、どちらに____。」",,,
bt02-q04,bai-tap-2,1,4,mcq_blank,,"客「子供服売り場はどこですか。」
店員「6階に____。」",,,
bt02-q05,bai-tap-2,1,5,mcq_blank,（案内文で）,「みなさんは、創立記念パーティーが5月に開かれることを____。」,,,
bt02-q06,bai-tap-2,1,6,mcq_blank,,木下先生は何時に____。,,,
bt02-q07,bai-tap-2,1,7,mcq_blank,,この辞書はわたしが先生に____。,,,
bt02-q08,bai-tap-2,1,8,mcq_blank,,何か意見がある方は____ください。,,,
bt02-q09,bai-tap-2,1,9,mcq_blank,（メールで）,山口さん、コーヒーカップのプレゼントをありがとうございました。大切に____。,,,
bt02-q10,bai-tap-2,1,10,mcq_blank,,木村さんが書いた絵を____か。,,,
bt03-q01,bai-tap-3,1,1,ordering,,建物の前に____ ____ __★__ ____いたします。,3,1234,
bt03-q02,bai-tap-3,1,2,ordering,,5階にいらっしゃる____ ____ __★__ ____ください。,3,4321,
bt03-q03,bai-tap-3,1,3,ordering,,水野さん、中村先生がお書き____ ____ __★__ ____なりましたか。,3,4123,
bt03-q04,bai-tap-3,1,4,ordering,,荷物は私が____ ____ __★__ ____いたします。,3,2413,
bt03-q05,bai-tap-3,1,5,ordering,,ちょっとお聞き____ ____ __★__ ____が、この辺に本屋はありませんか。,3,2134,
bt03-q06,bai-tap-3,1,6,ordering,（受付で）,"中山「すみません。予約をした中山ですが。」
受付「はい、中山さんですね。もうすぐお呼びしますから、そちらの____ ____ __★__ ____ください。」",3,3142,
bt03-q07,bai-tap-3,1,7,ordering,（店の案内文で）,お探しの商品が____ ____ __★__ ____ください。,3,4132,
bt03-q08,bai-tap-3,1,8,ordering,,明日見学に行かれる方は、8時____ ____ __★__ ____ください。,3,4312,
bt03-q09,bai-tap-3,1,9,ordering,（電話で）,"A「すみません。____ ____ __★__ ____ことがあるのですが。」
B「はい。どんなことでしょうか。」",3,4312,
bt03-q10,bai-tap-3,1,10,ordering,,"山田「ハンナさんは今回はじめて____ ____ __★__ ____ですか。」
ハンナ「いえ、以前にも来たことがあります。」",3,1324,
bt04-q01,bai-tap-4,1,1,mcq_blank,,ケーキは息子のスクールのイベントから帰ってきてから家族全員で____ました。,,,
bt04-q02,bai-tap-4,1,2,mcq_blank,,ご登録いただいた皆様、宣伝活動をして____プロデューサーの皆様ありがとうございます。,,,
bt04-q03,bai-tap-4,1,3,mcq_blank,,あつかましいお願い恐縮ですが、貴サイトのリンクと掲載写真の転載をご許可____。,,,
bt04-q04,bai-tap-4,1,4,mcq_blank,,当時お作りになった明太子は、冷蔵庫で5日間熟成して____必要がございます。,,,
bt04-q05,bai-tap-4,1,5,mcq_blank,,今後、このようなことが二度と起こらないように再発防止に努めて____。,,,
bt04-q06,bai-tap-4,1,6,mcq_blank,,午前事務所に____よろしいでしょうか。,,,
bt04-q07,bai-tap-4,1,7,mcq_blank,,____作品は、ご自分でお作りになった未発表の作品に限ります。,,,
bt04-q08,bai-tap-4,1,8,mcq_blank,,今日は先生に____ということで、実家で子どものころの絵を探してきました。,,,
bt04-q09,bai-tap-4,1,9,mcq_blank,,以前に____病院にメールで面接応募をしましたが、返信がありません。,,,
bt04-q10,bai-tap-4,1,10,mcq_blank,,代表者は、利用日当日のご予約時間までに会議室の受付へ____ください。,,,
bt04-q11,bai-tap-4,1,11,mcq_blank,,先日____情報に基づき、オンライン登録を済ませました。,,,
bt04-q12,bai-tap-4,1,12,mcq_blank,,____ことはわかりますが、それは無理だと思います。,,,
bt04-q13,bai-tap-4,1,13,mcq_blank,,Aホテルの会員様だけがご参加いただけるイベント・セミナーをご案内____。,,,
bt04-q14,bai-tap-4,1,14,mcq_blank,,基本的に、ご自身が____作品の展示となりますが、ご家族の作品は一緒に展示可能とします。,,,
bt04-q15,bai-tap-4,1,15,mcq_blank,,「主張レッスン」も行っております。経験をつんだ専門講師が直接ご自宅まで____。,,,
bt05-q01,bai-tap-5,1,1,ordering,,おかけになった電話番号は現在使われておりません。恐れ入りますが、____ ____ __★__ ____ください。,3,4321,
bt05-q02,bai-tap-5,1,2,ordering,,さあ、私のこの指____ ____ __★__ ____、すてきな声で歌ってくださいね。,3,1423,
bt05-q03,bai-tap-5,1,3,ordering,,この町には____ ____ __★__ ____所はありません。,3,1243,
bt05-q04,bai-tap-5,1,4,ordering,,山田社長は会話術にも____ ____ __★__ ____きっと成功なさると予感しています。,3,3214,
bt05-q05,bai-tap-5,1,5,ordering,,味はもちろん、焼き方にもこだわったパンは、お客様に____ ____ __★__ ____、焼きたてのパンをご利用しております。,3,2413,
bt05-q06,bai-tap-5,1,6,ordering,,20時以降のご来店の場合はフリードリンクは22時ラストオーダー、____ ____ __★__ ____。,3,4321,
bt05-q07,bai-tap-5,1,7,ordering,,お約束の時刻にロビーにご集合ください。次のホテルで他の____ ____ __★__ ____、時間厳守でお願いいたします。,3,3412,
bt05-q08,bai-tap-5,1,8,ordering,,引き続き____ __★__ ____ ____、こちらのページで報告させていただきます。,2,1432,
bt05-q09,bai-tap-5,1,9,ordering,,エラーが検出された場合、内部温度が下がるまではロボットの使用が____ ____ __★__ ____。,3,4132,
bt05-q10,bai-tap-5,1,10,ordering,,この学校で使っている貸出カードはとても興味深く、____ ____ __★__ ____ところ、破ったり無くしたりした場合はその金額を弁償させるようにしているそうです。,3,2134,
bt05-q11,bai-tap-5,1,11,ordering,,この夏こそ、ファンをはじめ、____ ____ __★__ ____みせます。,3,4132,
bt05-q12,bai-tap-5,1,12,ordering,,当社の業務で興味を____ ____ __★__ ____ください。,3,1243,
bt05-q13,bai-tap-5,1,13,ordering,,皆さまのあたたかいご支援に感謝を申し上げると共に、____ ____ __★__ ____。,3,2431,
bt05-q14,bai-tap-5,1,14,ordering,,みなさん、____ ____ __★__ ____心のこもった食事はとてもうれしいと思います。,3,2143,
bt05-q15,bai-tap-5,1,15,ordering,,顧問の岡本先生に____ ____ __★__ ____おり、来年2月の音楽会まで活動を続けるとのこと、これも驚きました。,3,4321,
bt06-q01,bai-tap-6,1,1,mcq_blank,,山田さんは新人だから、そばで見て____くれ。,,,
bt06-q02,bai-tap-6,1,2,mcq_blank,,おい、君。会議室での喫煙はやめて____。,,,
bt06-q03,bai-tap-6,1,3,mcq_blank,,すみません、この字の読み方を教えて____ませんか。,,,
bt06-q04,bai-tap-6,1,4,mcq_blank,,"えっ、パンフレットがないんですか？
じゃあ、鈴木さんが持っていますから、鈴木さんに見せて____ください。",,,
bt06-q05,bai-tap-6,1,5,mcq_blank,,最近は、若い人にもっと起業して____と、大学の授業で起業に関する科目が増えてきている。,,,
bt06-q06,bai-tap-6,1,6,mcq_blank,,すまないが、息子に数学を教えて____くれないか。,,,
bt06-q07,bai-tap-6,1,7,ordering,,運動会でお子様が頑張っている____ ____ __★__ ____ください。,3,2413,
bt06-q08,bai-tap-6,1,8,ordering,,教えたいけど、他の____ ____ __★__ ____？今忙しいんだ。,3,4132,
bt06-q09,bai-tap-6,1,9,ordering,,テレビ局を____ ____ __★__ ____ませんか。,3,4132,
bt06-q10,bai-tap-6,1,10,ordering,,せっかくの海外旅行なんだから、____ ____ __★__ ____くれよ。,3,2341,
bt07-q01,bai-tap-7,1,1,mcq_blank,,お客様から必要な範囲の個人情報を収集させていただきます。予めご____ください。,,,
bt07-q02,bai-tap-7,1,2,mcq_blank,,差し支えなければ先生にお目に____と存じます。,,,
bt07-q03,bai-tap-7,1,3,mcq_blank,,打ち合わせの日程調整の件につきまして、ご返事くださいますようお願い____。,,,
bt07-q04,bai-tap-7,1,4,mcq_blank,,いつも先生のご指導を____、ありがとうございます。,,,
bt07-q05,bai-tap-7,1,5,mcq_blank,,お買い求めの商品は在庫状況により出荷延期の場合が____。,,,
bt07-q06,bai-tap-7,1,6,mcq_blank,,犯罪集団から取り上げたぞうぶつの真偽をお見定め____。,,,
bt07-q07,bai-tap-7,1,7,mcq_blank,,____学に入学希望です。お手数ですが、審査用フォームを送っていただけないでしょうか。,,,
bt07-q08,bai-tap-7,1,8,mcq_blank,,先生から____借した専門の辞典、明日先生の研究室に返却に伺います。,,,
bt07-q09,bai-tap-7,1,9,mcq_blank,,こちらはベルギーのチョコレートです。どうぞ____ください。,,,
bt07-q10,bai-tap-7,1,10,mcq_blank,,得意先の部長が____。,,,
bt08-q01,bai-tap-8,1,1,mcq_blank,,微力ながら課長をお手助け____。,,,
bt08-q02,bai-tap-8,1,2,mcq_blank,,あのドレスを____いらっしゃる方はどなたですか。,,,
bt08-q03,bai-tap-8,1,3,mcq_blank,,わざわざここまでお越しいただき、ご説明を____、恐縮です。,,,
bt08-q04,bai-tap-8,1,4,mcq_blank,,社長がご愛読になる本の名前をお教え____。,,,
bt08-q05,bai-tap-8,1,5,mcq_blank,,部長は服のセンスもよくて____ね。,,,
bt08-q06,bai-tap-8,1,6,ordering,,安全のため、お客様のお荷物は____ ____ __★__ ____おります。,3,2341,
bt08-q07,bai-tap-8,1,7,ordering,,"A「中野先生のご専門は何ですか。」
B「私も、よく分からないですけど、____ ____ __★__ ____みたいですよ。」",3,4213,
bt08-q08,bai-tap-8,1,8,ordering,,20日までに____ __★__ ____ ____できます。,2,3241,
bt08-q09,bai-tap-8,1,9,ordering,,人間は____ ____ __★__ ____おりません。,3,4231,
bt08-q10,bai-tap-8,1,10,ordering,,出席欠席の____ ____ __★__ ____ようお願いいたします。,3,4132,
bt09-q01,bai-tap-9,1,1,mcq_blank,,他のお客様のご迷惑になりますので、館内での喫煙は____ようお願いいたします。,,,
bt09-q02,bai-tap-9,1,2,mcq_blank,,"A「すみませんが、博物館内でのカメラやビデオは____。」
B「そうですか、どうもすみません。」",,,
bt09-q03,bai-tap-9,1,3,mcq_blank,,ご意見を____たく、アンケートを同封させていただきます。,,,
bt09-q04,bai-tap-9,1,4,mcq_blank,,二十四時間どなたでも本会館のすべてのスポーツ施設を____。,,,
bt09-q05,bai-tap-9,1,5,mcq_blank,,長い間ご無沙汰しておりますが、お元気でいらっしゃいますか。一度____と思っておりますが、ご都合はいかがでしょう。,,,
bt09-q06,bai-tap-9,1,6,mcq_blank,,お客様、申し訳ございませんが、あちらの方たちにお席を____わけには参りませんでしょうか。,,,
bt09-q07,bai-tap-9,1,7,mcq_blank,,オーストラリアに渡った叔母さんのことはよく____。,,,
bt09-q08,bai-tap-9,1,8,mcq_blank,,"A「そのマフラー、よくお似合いですね。」
B「ありがとうございます。三島部長の奥様に____んです。」",,,
bt09-q09,bai-tap-9,1,9,mcq_blank,,先日はお招きいただきまして、ありがとうございました。とても____ございました。,,,
bt09-q10,bai-tap-9,1,10,mcq_blank,,参加を希望される方は、申し込み用紙に____。,,,
bt10-q01,bai-tap-10,1,1,mcq_blank,,同封のアンケートは、質問に____上でポストにお入れくださいますようにお願いいいたします。,,,
bt10-q02,bai-tap-10,1,2,mcq_blank,,今週一週間に限って____お客様に粗品を差し上げます。,,,
bt10-q03,bai-tap-10,1,3,mcq_blank,,お客様に、ご案内____。ただいま6階におきまして全国連合ブックフェアを開いております。,,,
bt10-q04,bai-tap-10,1,4,mcq_blank,,"A「吉田さんは、お幸せですね。奥様がおきれいで____から。」
B「いや、とんでもない。」",,,
bt10-q05,bai-tap-10,1,5,mcq_blank,,あのう、久保教授でいらっしゃいますか。私、先日、教授の講演会で____伊藤と申します。,,,
bt10-q06,bai-tap-10,1,6,mcq_blank,,安倍教授はもう30年も中国史を研究して____そうです。,,,
bt10-q07,bai-tap-10,1,7,mcq_blank,,これからも子どものための番組製作の努力を続けて____と存じます。,,,
bt10-q08,bai-tap-10,1,8,mcq_blank,,社長もこの事件は____いらっしゃいますか。,,,
bt10-q09,bai-tap-10,1,9,mcq_blank,,"A「すみません。お写真を____よろしいでしょうか。」
B「ええ、かまいませんよ。」",,,
bt10-q10,bai-tap-10,1,10,mcq_blank,,荒木教授が丁寧に____おかげで、論文を書き上げることができました。心をこめて深く感謝しております。,,,
bt11-q01,bai-tap-11,1,1,mcq_blank,,このたびの報道で皆様に大変ご心配をおかけしましたことを心より____。申し訳ございませんでした。」,,,
bt11-q02,bai-tap-11,1,2,mcq_blank,,"面接官「おそれいりますが、この料理屋に向ける資格は____。」
応募者「はい、調理師の資格をお持ちしています。」",,,
bt11-q03,bai-tap-11,1,3,mcq_blank,,"店員「こちらのキャンピングカーは、中古車ですが、____新車と変わらないくらいきれいです。」
客「そうですね。」",,,
bt11-q04,bai-tap-11,1,4,mcq_blank,,貴社の製品に興味を持ちました。一度お時間をいただき、もう少しお話を____いただければと思っております。,,,
bt11-q05,bai-tap-11,1,5,mcq_blank,,石原先生が私に毎日熱心に指導を____。そのおかげで志望校の東大へ合格できました。本当にお世話になり、ありがとうございました。,,,
bt11-q06,bai-tap-11,1,6,mcq_blank,,悩んでいる時は、誰かに話を____気が楽になったり、少し状況を冷静に見ることができるようになったりします。,,,
bt11-q07,bai-tap-11,1,7,mcq_blank,,私は、娘がやりたいことはなるべく____と思っています。,,,
bt11-q08,bai-tap-11,1,8,mcq_blank,,"A「ごめんごめん。この前借りた本、きょう返そうと思っていたのに、持ってくるの忘れちゃった。」
B「ああ、別に急がないから、次に会う時に____よ。」",,,
bt11-q09,bai-tap-11,1,9,mcq_blank,,もしこちらに____ことがありましたら、ぜひお立ち寄りください。,,,
bt11-q10,bai-tap-11,1,10,mcq_blank,,皆さんは、最近になって木造建築が見直されていることを____。,,,
bt11-q11,bai-tap-11,1,11,mcq_blank,,当商品はクレジットカード決済限定にてご注文を____。,,,
bt11-q12,bai-tap-11,1,12,mcq_blank,,"店員「お客様、なにか____、ご案内いたしますが。」
客「あ、居間に敷くカーペットを探しているんです。」",,,
bt11-q13,bai-tap-11,1,13,mcq_blank,,"山本「石原さん、ギターが欲しいって言っていましたよね。私の息子が使っていたギターがあるんです。よければどうですか。」
石原「いいんですか。」
山本「はい。息子に聞いたら、弾いてくれる方がいるなら、ぜひと言っていたので、どうぞもらって____。」",,,
bt11-q14,bai-tap-11,1,14,mcq_blank,,今、世界はコロナウイルスでたくさんの尊い命が奪われ、当たり前のことが当たり前ではなくなり、生きていくことの厳しさを____毎日です。,,,
bt12-q01,bai-tap-12,1,1,mcq_blank,,入場券を____でない方は、こちらでお求めください。,,,
bt12-q02,bai-tap-12,1,2,mcq_blank,,今回はその工場の撮影に成功したので、皆さんにも____たいと思う。,,,
bt12-q03,bai-tap-12,1,3,mcq_blank,,ご用が____、わたくしにおっしゃってください。,,,
bt12-q04,bai-tap-12,1,4,mcq_blank,,先生、ここがよくわからなかったのですが、もう一度____か。,,,
bt12-q05,bai-tap-12,1,5,mcq_blank,,こちらは山田さんのお父さんで____。,,,
bt12-q06,bai-tap-12,1,6,mcq_blank,,パーティーのご案内状をお送りしたいのですが、つきましてはご住所を____ませんでしょうか。,,,
bt12-q07,bai-tap-12,1,7,mcq_blank,,先生は、学生たちに「テストはよくできました」と____。,,,
bt12-q08,bai-tap-12,1,8,mcq_blank,,おじょうさまの結婚式には、ぜひわがホテルをご利用____でしょうか。,,,
bt12-q09,bai-tap-12,1,9,mcq_blank,,本日は大変にぎやかな「春の懇親会」に____、まことにありがとうございます。,,,
bt12-q10,bai-tap-12,1,10,mcq_blank,,すっかり寒くなって____が、皆さんはいかがお過ごしでしょうか。,,,
bt12-q11,bai-tap-12,2,11,cloze,,(11),,,
bt12-q12,bai-tap-12,2,12,cloze,,(12),,,
bt12-q13,bai-tap-12,3,13,cloze,,(13),,,
bt12-q14,bai-tap-12,3,14,cloze,,(14),,,
bt12-q15,bai-tap-12,3,15,cloze,,(15),,,
bt13-q01,bai-tap-13,1,1,mcq_blank,,弊社の山本という者が、午後に原稿をいただきに____ので，よろしくお願いいたします。,,,
bt13-q02,bai-tap-13,1,2,mcq_blank,（手紙で）,師走を迎え、慌ただしい日々をお過ごしのことと____が、お元気でいらっしゃいますか。,,,
bt13-q03,bai-tap-13,1,3,mcq_blank,,田中さんをはじめ皆様と貴重な時間を____、普段お聞きすることのないお話を伺うことができ、大変勉強になりました。,,,
bt13-q04,bai-tap-13,1,4,mcq_blank,（メールで）,このたびは山田様がおけがをされてご入院なさったとのこと、本当に驚きました。その後の具合はいかがでございますか。一刻も早く回復____。,,,
bt13-q05,bai-tap-13,1,5,mcq_blank,,"山田「石原先生をご存じですか｡」
田中「石原先生ならよく____よ｡」",,,
bt13-q06,bai-tap-13,1,6,mcq_blank,,会場でスマートフォンが使えないということは参加者には____、みんな困っていた。主催者は全員知っていたらしい。,,,
bt13-q07,bai-tap-13,1,7,mcq_blank,,出品・輸入共に、それぞれ該当の受付期間、条件・注意事項がございますので、下記説明を____お手続きください。,,,
bt13-q08,bai-tap-13,1,8,mcq_blank,,1日使ったヘルメットを清潔に保ち、次に装着の際は気持ちよく____｡,,,
bt13-q09,bai-tap-13,1,9,mcq_blank,,お客さまのご都合による返品は____ので、あらかじめご了解ください。,,,
bt13-q10,bai-tap-13,1,10,mcq_blank,,"A「芥川賞受賞、おめでとうございます。受賞された時のお気持ちを____。」
B「受賞の知らせを受けた時はまったく信じられなかったですね。」",,,
bt13-q11,bai-tap-13,1,11,mcq_blank,,子供が嫌がっているにもかかわらず無理に____のは、余計に嫌いになってしまうだけです。,,,
bt13-q12,bai-tap-13,1,12,mcq_blank,,あまりいびきがひどいと、友人や家族から____、一緒に旅行してもらえないこともあります。,,,
bt13-q13,bai-tap-13,1,13,mcq_blank,,去年開園する前は、ここは牛を飼い、乳を搾る農家の農場だった。広い畑が拡がり、牛の鳴き声があたりに響いて、のんびりした気分に____ところだった。,,,
bt13-q14,bai-tap-13,1,14,mcq_blank,,私は、校内に畑を作って生徒たちに野菜を____ことを校長に提案した。,,,
bt13-q15,bai-tap-13,1,15,mcq_blank,,リーさんはクラスで日本語が一番上手だが、これまで多くの生徒を教えてきた私に____、まだまだなんだ。,,,
bt13-q16,bai-tap-13,1,16,mcq_blank,,経理職の立場____、コスト削減への取り組み方が魅力だと思う。単純に人件費や経費をカットするのではなく、生産設備の開発で、生産能力を上げたりしてコスト削減を実現させている。,,,
bt13-q17,bai-tap-13,1,17,mcq_blank,,親に内緒で同棲して、一緒に住んでいることが後からばれてしまうと、無理やり____、結婚を認めてもらえなくなったりしてしまう場合があります。,,,
bt13-q18,bai-tap-13,1,18,mcq_blank,,昨日2時間も____あげく、まずい料理を食べさせられた。,,,
bt13-q19,bai-tap-13,1,19,mcq_blank,,ハチの巣をご自身で対処されると、万が一____大変危険です。,,,
bt14-q01,bai-tap-14,1,1,mcq_blank,,3月21日にバスツアーを開催予定でしたが、新型コロナウイルスの感染拡大を考慮し、ご参加者の安全を第一に考えた結果、中止することにいたししました。何卒ご理解____お願い申し上げます。,,,
bt14-q02,bai-tap-14,1,2,mcq_blank,,この度は、弊社の電話対応に不手際があり、ご迷惑をおかけしましたことを深く____,,,
bt14-q03,bai-tap-14,1,3,mcq_blank,,契約の内容を確認させていただきましたが、1点ご変更____項目がございます。,,,
bt14-q04,bai-tap-14,1,4,mcq_blank,,可能な限りご予算内で対応させていただきますので、是非前向きにご検討いただければ幸いに____。,,,
bt14-q05,bai-tap-14,1,5,mcq_blank,,アンティーク商品のため、経年による多少の傷や汚れ、色落ちなどがございます。写真をよく____、購入くださいますようお願いいたします。,,,
bt14-q06,bai-tap-14,1,6,mcq_blank,,お客様から____ご意見・ご指摘は今後の運営に反映させて参りますので、お気づきの点等がございましたら是非ともお気軽にお寄せください。,,,
bt14-q07,bai-tap-14,1,7,mcq_blank,,具合はいかがですか。一日も早くお元気に____書中にてお見舞い申し上げます。,,,
bt14-q08,bai-tap-14,1,8,mcq_blank,,大統領に再選されたA氏は「これまで実施してきた施策の結果を検証しつつ、計画に掲げる政策・施策を着実に実行して____」と決意を述べた。,,,
bt14-q09,bai-tap-14,1,9,mcq_blank,,弊社は商品の発送には十分配慮しておりますが、配送時の破損による劣化等お気づきの点がございましたら、直ちに電話にてお知らせ____,,,
bt14-q10,bai-tap-14,1,10,mcq_blank,,ご結婚おめでとうございます。今の気持ちを____,,,
bt14-q11,bai-tap-14,1,11,mcq_blank,,素晴らしい旅館でした。ありがとうございました。また、来年のこの時期にお邪魔に____、ので、よろしくお願いいたします。,,,
bt14-q12,bai-tap-14,1,12,mcq_blank,,新入社員の山下さんのことなんですが、仕事中におしゃべりが多くて困っているんです。課長から一言____。,,,
bt14-q13,bai-tap-14,1,13,mcq_blank,,課長、税務署に提出する書類なんですが、なるべく早く____。,,,
bt14-q14,bai-tap-14,1,14,mcq_blank,,この「市長のブログ」では、私が市役所の中で感じたこと、皆さんのお話を____感じたことを率直に書かせていただきたいと思っています。,,,
bt14-q15,bai-tap-14,1,15,mcq_blank,,"部長「田中君、今度の会議でこのプロジェクトの説明をするのは青木課長だっけ？」
田中「はい、課長がご説明____。」",,,
bt14-q16,bai-tap-14,1,16,mcq_blank,（電話で）,"吉井「あ、斉藤先生でいらっしゃいますか。東洋出版の吉井でございますが、今から投稿をいただきにあがってもよろしいでしょうか。」
斉藤「すみません。まだできていないんですが。。。あと一週間ほど____。」",,,
bt14-q17,bai-tap-14,1,17,mcq_blank,（パーティーで）,"石井「あ、山田さんはS社にお勤めなんですね。今度、スミスさんがCEOになられるそうで。」
山田「えっ、石井さん、スミスとお知り合いなんですか。」
石井「ええ、以前アメリカで大変お世話になりまして、よく____よ。」",,,
bt14-q18,bai-tap-14,1,18,mcq_blank,,皆様のおかげで____ございました。,,,
bt15-q01,bai-tap-15,1,1,mcq_blank,,指定席ですから急がなくても____。,,,
bt15-q02,bai-tap-15,1,2,mcq_blank,,今回をもちまして無料サービスは____のでご了承ください。,,,
bt15-q03,bai-tap-15,1,3,mcq_blank,,さきほど中村様とおっしゃる方が____。,,,
bt15-q04,bai-tap-15,1,4,mcq_blank,,ノーベル賞を受賞された方に____、大変光栄に存じます。,,,
bt15-q05,bai-tap-15,1,5,mcq_blank,,____お好きなものを召し上がってください。,,,
bt15-q06,bai-tap-15,1,6,mcq_blank,,わざわざ____のに、留守をして申し訳ありません。,,,
bt15-q07,bai-tap-15,1,7,mcq_blank,,先生におかれましては、ますますご健勝のことと____。,,,
bt15-q08,bai-tap-15,1,8,mcq_blank,,後ほど係りの者がご用件を____ので、少々お待ちください。,,,
bt15-q09,bai-tap-15,1,9,mcq_blank,,"A「最近祖父の体調があまりよくなくて…。」
B「それは____。」",,,
bt15-q10,bai-tap-15,1,10,mcq_blank,,"A「何かお飲み物を____。」
B「ええ、ありがとうございます。」",,,
bt15-q11,bai-tap-15,1,11,mcq_blank,,創立50周年を記念しまして、パーティーを開きますので____。,,,
bt15-q12,bai-tap-15,1,12,mcq_blank,,どうぞ温かいうちに____。,,,
bt15-q13,bai-tap-15,1,13,mcq_blank,,午後6時までにご連絡いただければ、本日中に____。,,,
bt15-q14,bai-tap-15,1,14,mcq_blank,,すみません。この言葉の意味が分からないので____。,,,
bt15-q15,bai-tap-15,1,15,mcq_blank,,お名前は存じ上げておりますが、まだ____ことはございません。,,,
bt15-q16,bai-tap-15,1,16,mcq_blank,,昨日お送りいただいた資料にまちがいがありましたので____。,,,
bt15-q17,bai-tap-15,1,17,mcq_blank,,____、その後お変わりございませんか。,,,
bt15-q18,bai-tap-15,1,18,mcq_blank,,当社の製品を____ありがとうございます。,,,
bt15-q19,bai-tap-15,1,19,mcq_blank,,ご多忙中にもかかわらず、わざわざ____恐縮でございます。,,,
bt15-q20,bai-tap-15,1,20,mcq_blank,,突然急ぎの仕事が入ってしまったので、何人かの手を____いいですか。,,,
bt16-q01,bai-tap-16,1,1,mcq_blank,,先生が丁寧にご説明____ので、私にもよく分かりました。,,,
bt16-q02,bai-tap-16,1,2,mcq_blank,,皆さん、わざわざお出迎え____、ありがとうございます。,,,
bt16-q03,bai-tap-16,1,3,mcq_blank,,本日は雨の中、遠くまで____、ありがとうございました。,,,
bt16-q04,bai-tap-16,1,4,mcq_blank,,お客様、こちらの料理は醤油など何もつけずに、どうぞそのまま____。,,,
bt16-q05,bai-tap-16,1,5,mcq_blank,,お忙しいのにご連絡____、本当にすみませんでした。,,,
bt16-q06,bai-tap-16,1,6,mcq_blank,,「先生、私が荷物をお持ち____。」,,,
bt16-q07,bai-tap-16,1,7,mcq_blank,,"A「今度の旅行では、珍しい本を手に入れたんですよ。ちょっとお見せ____か。」
B「それはぜひお願いします。」",,,
bt16-q08,bai-tap-16,1,8,mcq_blank,,先生、この本をあさってまでお借り____よろしいでしょうか。,,,
bt16-q09,bai-tap-16,1,9,mcq_blank,,田中先生、最近先生が____ご本のことで、おうかがいしたいんですが。,,,
bt16-q10,bai-tap-16,1,10,mcq_blank,,ここでお待ち____ください。,,,
bt16-q11,bai-tap-16,1,11,mcq_blank,,先月引っ越しましたので、近くに____ときは、ぜひお立ち寄りください。,,,
bt16-q12,bai-tap-16,1,12,mcq_blank,,"A「じゃ、私、お先に失礼____いただきます。」
B「あ、おつかれさま。」",,,
bt16-q13,bai-tap-16,1,13,mcq_blank,,"A「課長、今日は熱があるので、____いただきたいのですが。」
B「はい、わかりました。じゃ、お大事に。」",,,
bt16-q14,bai-tap-16,1,14,mcq_blank,,お借りした本を楽しく____いただきました。,,,
bt16-q15,bai-tap-16,1,15,mcq_blank,,ドアのところに私の傘を____いいですか。,,,
bt16-q16,bai-tap-16,1,16,mcq_blank,（メールで）,田中です。先日お話があったスピーチの件なんですが、ぜひ私に____。,,,
bt16-q17,bai-tap-16,1,17,mcq_blank,,"A「この仕事、だれかやってくれないかなあ。」
B「だれもやる人がないから、私が____。」",,,
bt16-q18,bai-tap-16,1,18,mcq_blank,,"A「これが最近書いた本ですが、あなたに差し上げますから、どうぞお読みください。」
B「はい、____いただきます。」",,,
bt16-q19,bai-tap-16,1,19,mcq_blank,,このたび代表として国際会議に____いただくことになりました。,,,
bt16-q20,bai-tap-16,1,20,mcq_blank,,今日の午後はちょっと早めに____いただきたいのですが。,,,
bt16-q21,bai-tap-16,1,21,mcq_blank,,資料をコピーしたいんですが、コピー機を____よろしいですか。,,,
bt16-q22,bai-tap-16,1,22,mcq_blank,,私が皆様のご意見を____うえで、来週ご報告いたします。,,,
bt16-q23,bai-tap-16,1,23,mcq_blank,,本日は素晴らしい披露宴に____、ありがとうございます。,,,
bt16-q24,bai-tap-16,1,24,mcq_blank,,わざわざ宅配便でお送り____よろしかったのに。,,,
bt16-q25,bai-tap-16,1,25,mcq_blank,,外線に____場合は最初に0を押してください。,,,
bt16-q26,bai-tap-16,1,26,mcq_blank,,この件について皆様で____願いたいと思います。,,,
bt16-q27,bai-tap-16,1,27,mcq_blank,,シンポジウムに参加してくださるかどうか、先生のご意向を伺いに____,,,
bt16-q28,bai-tap-16,1,28,mcq_blank,,田中さんは来月こちらに____そうです。,,,
bt16-q29,bai-tap-16,1,29,mcq_blank,,ご質問がなければ、この記者会見は____。,,,
bt16-q30,bai-tap-16,1,30,mcq_blank,,決まりを守らない方が当アパートより____。,,,
bt16-q31,bai-tap-16,1,31,mcq_blank,,お酒はほとんど何でも取りそろえて____。,,,
bt16-q32,bai-tap-16,1,32,mcq_blank,,お気に____場合、料金はおただきません。,,,
