question__code,position,text_jp,is_correct
lt-m1-q01,1,もらった,true
lt-m1-q01,2,くれた,false
lt-m1-q02,1,あげる,true
lt-m1-q02,2,くれる,false
lt-m1-q03,1,休んで,false
lt-m1-q03,2,休ませて,true
lt-m1-q04,1,もらえ,true
lt-m1-q04,2,あげ,false
lt-m1-q05,1,くれ,false
lt-m1-q05,2,もらい,true
lt-m1-q06,1,いただきました,false
lt-m1-q06,2,くださいました,true
lt-m1-q06,3,さしあげました,false
lt-m1-q07,1,手伝ってもらえませんか,true
lt-m1-q07,2,手伝わせてくれませんか,false
lt-m1-q07,3,手伝わせてもらいませんか,false
lt-m1-q08,1,送らせてさしあげたんでしょうか,false
lt-m1-q08,2,送らせてくださったんでしょうか,false
lt-m1-q08,3,送っていただいたんでしょうか,true
lt-m2-q01,1,おすみでしょうか,true
lt-m2-q01,2,おすみされましたか,false
lt-m2-q02,1,なくなられた,false
lt-m2-q02,2,なくされた,true
lt-m2-q03,1,行って,false
lt-m2-q03,2,行わせて,true
lt-m2-q04,1,お預かりいたします,true
lt-m2-q04,2,お預かりになれます,false
lt-m2-q05,1,見せて,true
lt-m2-q05,2,お見せして,false
lt-m2-q06,1,させて,false
lt-m2-q06,2,なさって,true
lt-m2-q07,1,お使いいただきます,false
lt-m2-q07,2,お使いになれます,true
lt-m2-q08,1,うかがいたかったんですが,true
lt-m2-q08,2,いらっしゃりたかったんですが,false
lt-m2-q09,1,されますか,true
lt-m2-q09,2,なられますか,false
lt-m2-q10,1,さしあげます,false
lt-m2-q10,2,いたします,true
lt-m2-q11,1,うかがいました,true
lt-m2-q11,2,まいられました,false
lt-m2-q12,1,お似合いされる,false
lt-m2-q12,2,お似合いだ,true
lt-m2-q13,1,させました,false
lt-m2-q13,2,いたしました,true
lt-m2-q14,1,守ってください,true
lt-m2-q14,2,お守りしてください,false
lt-m2-q15,1,お払いされると,false
lt-m2-q15,2,お払いになると,true
lt-m2-q16,1,来られる,true
lt-m2-q16,2,来させる,false
lt-m3-q01,1,です,true
lt-m3-q01,2,でいらっしゃいます,false
lt-m3-q02,1,おられます,false
lt-m3-q02,2,おります,true
lt-m3-q03,1,拝見なさって,false
lt-m3-q03,2,ご覧になって,true
lt-m3-q04,1,おっしゃっていました,true
lt-m3-q04,2,申しておりました,false
lt-m3-q05,1,いただこう,false
lt-m3-q05,2,さしあげよう,true
lt-m3-q06,1,しまして,true
lt-m3-q06,2,なさって,false
lt-m3-q07,1,いただきます,false
lt-m3-q07,2,いたします,true
lt-m3-q08,1,聞いていらっしゃいます,false
lt-m3-q08,2,うかがっております,true
lt-m3-q09,1,まいりました,false
lt-m3-q09,2,お見えになりました,true
lt-m3-q10,1,お通しして,true
lt-m3-q10,2,お通しになって,false
bt01-q01,1,ございますか,false
bt01-q01,2,おりますか,false
bt01-q01,3,いらっしゃいますか,true
bt01-q01,4,いいますか,false
bt01-q02,1,たずね,true
bt01-q02,2,たずねる,false
bt01-q02,3,たずねて,false
bt01-q02,4,たずねよう,false
bt01-q03,1,いらっしゃいます,false
bt01-q03,2,まいります,false
bt01-q03,3,います,true
bt01-q03,4,おいでになります,false
bt01-q04,1,います,false
bt01-q04,2,します,false
bt01-q04,3,あります,false
bt01-q04,4,なります,true
bt01-q05,1,お楽しみ,true
bt01-q05,2,お楽しんで,false
bt01-q05,3,楽しみになり,false
bt01-q05,4,楽しみなさり,false
bt01-q06,1,使われて,false
bt01-q06,2,使い,true
bt01-q06,3,使わせて,false
bt01-q06,4,使って,false
bt01-q07,1,です,false
bt01-q07,2,います,false
bt01-q07,3,します,true
bt01-q07,4,なります,false
bt01-q08,1,使ってくださいません,false
bt01-q08,2,使ってくださいます,false
bt01-q08,3,お使いください,true
bt01-q08,4,使わせてください,false
bt01-q09,1,いたします,true
bt01-q09,2,なさいます,false
bt01-q09,3,くださいます,false
bt01-q09,4,いただきます,false
bt01-q10,1,がございます,false
bt01-q10,2,でございます,true
bt01-q10,3,はございます,false
bt01-q10,4,もございます,false
bt02-q01,1,持ちますか,false
bt02-q01,2,持たされますか,false
bt02-q01,3,お持ちしましょうか,true
bt02-q01,4,お持ちになりますか,false
bt02-q02,1,おります,true
bt02-q02,2,なさいます,false
bt02-q02,3,されます,false
bt02-q02,4,いたします,false
bt02-q03,1,おりますか,false
bt02-q03,2,なさいますか,true
bt02-q03,3,させられますか,false
bt02-q03,4,いただきますか,false
bt02-q04,1,おります,false
bt02-q04,2,おありです,false
bt02-q04,3,いらっしゃいます,false
bt02-q04,4,ございます,true
bt02-q05,1,なさいますか,false
bt02-q05,2,ご存じですか,true
bt02-q05,3,拝見しますか,false
bt02-q05,4,お目にかかりますか,false
bt02-q06,1,帰りしましたか,false
bt02-q06,2,帰られましたか,true
bt02-q06,3,お帰りしましたか,false
bt02-q06,4,帰りになられましたか,false
bt02-q07,1,お返します,false
bt02-q07,2,お返しします,true
bt02-q07,3,お返しされます,false
bt02-q07,4,お返しになります,false
bt02-q08,1,おっしゃり,false
bt02-q08,2,おっしゃりて,false
bt02-q08,3,おっしゃって,true
bt02-q08,4,おっしゃい,false
bt02-q09,1,お使いください,false
bt02-q09,2,使ってくださいます,false
bt02-q09,3,使わせていただきます,true
bt02-q09,4,使われております,false
bt02-q10,1,おみえしました,false
bt02-q10,2,ごらんいたしました,false
bt02-q10,3,おみになりました,false
bt02-q10,4,ごらんになりました,true
bt03-q01,1,車を,false
bt03-q01,2,とめない,false
bt03-q01,3,ように,true
bt03-q01,4,お願い,false
bt03-q02,1,ご利用,false
bt03-q02,2,エレベーターを,true
bt03-q02,3,こちらの,false
bt03-q02,4,方は,false
bt03-q03,1,なった,false
bt03-q03,2,本を,true
bt03-q03,3,ご覧に,false
bt03-q03,4,に,false
bt03-q04,1,お,true
bt03-q04,2,明日の,false
bt03-q04,3,とどけ,false
bt03-q04,4,午後,false
bt03-q05,1,こと,false
bt03-q05,2,したい,false
bt03-q05,3,が,true
bt03-q05,4,あります,false
bt03-q06,1,おかけ,false
bt03-q06,2,お待ち,false
bt03-q06,3,いすに,false
bt03-q06,4,になって,true
bt03-q07,1,場合は,false
bt03-q07,2,おっしゃって,false
bt03-q07,3,近くの店員に,true
bt03-q07,4,見つからない,false
bt03-q08,1,西口に,true
bt03-q08,2,お集まり,false
bt03-q08,3,駅の,false
bt03-q08,4,までに,false
bt03-q09,1,募集について,true
bt03-q09,2,うかがいたい,false
bt03-q09,3,アルバイトの,false
bt03-q09,4,そちらの,false
bt03-q10,1,日本,false
bt03-q10,2,いらっしゃった,true
bt03-q10,3,に,false
bt03-q10,4,の,false
bt04-q01,1,なさい,false
bt04-q01,2,お食べいたし,false
bt04-q01,3,うかがい,false
bt04-q01,4,いただき,true
bt04-q02,1,さしあげた,false
bt04-q02,2,いらっしゃった,false
bt04-q02,3,くださった,true
bt04-q02,4,おっしゃった,false
bt04-q03,1,願えてもいいでしょうか,false
bt04-q03,2,願うことでしょうか,false
bt04-q03,3,願えるわけでしょうか,false
bt04-q03,4,願えませんでしょうか,true
bt04-q04,1,いただく,true
bt04-q04,2,いらっしゃる,false
bt04-q04,3,うかがう,false
bt04-q04,4,おっしゃる,false
bt04-q05,1,いらっしゃいます,false
bt04-q05,2,いたします,false
bt04-q05,3,まいります,true
bt04-q05,4,いただきます,false
bt04-q06,1,おうかがいなっても,false
bt04-q06,2,おうかがいしても,true
bt04-q06,3,うかがいになっても,false
bt04-q06,4,うかがいにしても,false
bt04-q07,1,ご応募してまいる,false
bt04-q07,2,ご応募しておる,false
bt04-q07,3,ご応募いただく,true
bt04-q07,4,ご応募いたす,false
bt04-q08,1,お目にかかる,true
bt04-q08,2,お見えになる,false
bt04-q08,3,拝見できる,false
bt04-q08,4,ご覧になる,false
bt04-q09,1,見学させていただいた,true
bt04-q09,2,見学してまいった,false
bt04-q09,3,見学させられていた,false
bt04-q09,4,見学してしまった,false
bt04-q10,1,おうかがい,false
bt04-q10,2,お越し,true
bt04-q10,3,おうかがって,false
bt04-q10,4,お越して,false
bt04-q11,1,お送りいたした,false
bt04-q11,2,お送ってくださった,false
bt04-q11,3,お送りいただいた,true
bt04-q11,4,お送りさしあげた,false
bt04-q12,1,おっしゃる,true
bt04-q12,2,いらっしゃる,false
bt04-q12,3,うかがう,false
bt04-q12,4,めしあがる,false
bt04-q13,1,まいります,false
bt04-q13,2,いたします,true
bt04-q13,3,なさいます,false
bt04-q13,4,くださいます,false
bt04-q14,1,お作ってみた,false
bt04-q14,2,お作りにした,false
bt04-q14,3,お作ってまいった,false
bt04-q14,4,お作りになった,true
bt04-q15,1,いただきます,false
bt04-q15,2,いらっしゃいます,false
bt04-q15,3,なさいます,false
bt04-q15,4,うかがいます,true
bt05-q01,1,おかけ直し,false
bt05-q01,2,になって,true
bt05-q01,3,お確かめ,false
bt05-q01,4,番号を,false
bt05-q02,1,で,false
bt05-q02,2,さしあげます,true
bt05-q02,3,から,false
bt05-q02,4,ひいて,false
bt05-q03,1,別に,false
bt05-q03,2,ご覧に,false
bt05-q03,3,ような,false
bt05-q03,4,なる,true
bt05-q04,1,いらっしゃいます,true
bt05-q04,2,視野も広く持って,false
bt05-q04,3,すぐれて,false
bt05-q04,4,から,false
bt05-q05,1,もらう,true
bt05-q05,2,おいしく,false
bt05-q05,3,ため,false
bt05-q05,4,いただいて,false
bt05-q06,1,ございます,false
bt05-q06,2,で,true
bt05-q06,3,23時まで,false
bt05-q06,4,お席は,false
bt05-q07,1,お待ち,true
bt05-q07,2,ですので,false
bt05-q07,3,お客様,false
bt05-q07,4,が,false
bt05-q08,1,ご報告,false
bt05-q08,2,ございましたら,false
bt05-q08,3,ことが,false
bt05-q08,4,できる,true
bt05-q09,1,電源を切り,false
bt05-q09,2,ください,false
bt05-q09,3,30分以上休ませて,true
bt05-q09,4,できませんので,false
bt05-q10,1,項目があった,false
bt05-q10,2,値段を書き込む,false
bt05-q10,3,ので,true
bt05-q10,4,先生にうかがった,false
bt05-q11,1,くださった,false
bt05-q11,2,ご期待にこたえて,false
bt05-q11,3,皆様の,true
bt05-q11,4,チームを支えて,false
bt05-q12,1,お持ち,false
bt05-q12,2,になったことが,false
bt05-q12,3,お教え,false
bt05-q12,4,ございましたら,true
bt05-q13,1,お祈り申し上げます,false
bt05-q13,2,被災地の,false
bt05-q13,3,復興を心より,true
bt05-q13,4,一日も早い,false
bt05-q14,1,ここで過ごして,false
bt05-q14,2,家族と離れて,false
bt05-q14,3,から,false
bt05-q14,4,いらっしゃいます,true
bt05-q15,1,参加して,false
bt05-q15,2,3年生も,true
bt05-q15,3,ところ,false
bt05-q15,4,うかがった,false
bt06-q01,1,やって,true
bt06-q01,2,くれて,false
bt06-q01,3,やらないで,false
bt06-q01,4,くれないで,false
bt06-q02,1,くる,false
bt06-q02,2,くれ,true
bt06-q02,3,もらえ,false
bt06-q02,4,こい,false
bt06-q03,1,いき,false
bt06-q03,2,き,false
bt06-q03,3,いただけ,true
bt06-q03,4,いただき,false
bt06-q04,1,あげて,false
bt06-q04,2,もらって,true
bt06-q04,3,くれて,false
bt06-q04,4,やって,false
bt06-q05,1,もらえない,false
bt06-q05,2,もらいたい,true
bt06-q05,3,くださる,false
bt06-q05,4,あげる,false
bt06-q06,1,あげて,true
bt06-q06,2,くれて,false
bt06-q06,3,もらって,false
bt06-q06,4,くださって,false
bt06-q07,1,見て,true
bt06-q07,2,姿を,false
bt06-q07,3,あげて,false
bt06-q07,4,是非,false
bt06-q08,1,教えて,false
bt06-q08,2,くれない,false
bt06-q08,3,もらって,true
bt06-q08,4,人に,false
bt06-q09,1,んですが,false
bt06-q09,2,いただけ,false
bt06-q09,3,案内して,true
bt06-q09,4,見学したい,false
bt06-q10,1,言わないで,false
bt06-q10,2,今すぐ,false
bt06-q10,3,帰りたい,false
bt06-q10,4,なんて,true
bt07-q01,1,承知,false
bt07-q01,2,了承,true
bt07-q01,3,承諾,false
bt07-q01,4,承認,false
bt07-q02,1,入れたい,false
bt07-q02,2,見えたい,false
bt07-q02,3,かかりたい,true
bt07-q02,4,入りたい,false
bt07-q03,1,申し上げます,true
bt07-q03,2,なさいます,false
bt07-q03,3,させます,false
bt07-q03,4,いただきます,false
bt07-q04,1,差し上げ,false
bt07-q04,2,ください,false
bt07-q04,3,差し支え,false
bt07-q04,4,承り,true
bt07-q05,1,でございます,false
bt07-q05,2,ございます,true
bt07-q05,3,おります,false
bt07-q05,4,いらっしゃいます,false
bt07-q06,1,願います,true
bt07-q06,2,願いです,false
bt07-q06,3,願いします,false
bt07-q06,4,願いいたします,false
bt07-q07,1,高,false
bt07-q07,2,弊,false
bt07-q07,3,名,false
bt07-q07,4,貴,true
bt07-q08,1,拝,true
bt07-q08,2,貴,false
bt07-q08,3,御,false
bt07-q08,4,高,false
bt07-q09,1,頂いて,false
bt07-q09,2,お食い,false
bt07-q09,3,召し上がって,true
bt07-q09,4,食べ,false
bt07-q10,1,見えられた,false
bt07-q10,2,見れました,false
bt07-q10,3,お見えになりました,true
bt07-q10,4,お見えになられました,false
bt08-q01,1,申されます,false
bt08-q01,2,申し上げます,true
bt08-q01,3,申し出します,false
bt08-q01,4,申しかかります,false
bt08-q02,1,召して,true
bt08-q02,2,召し上がって,false
bt08-q02,3,お召にして,false
bt08-q02,4,召した,false
bt08-q03,1,なさり,false
bt08-q03,2,致し,false
bt08-q03,3,差し支え,false
bt08-q03,4,承り,true
bt08-q04,1,願います,true
bt08-q04,2,くださいます,false
bt08-q04,3,なさいます,false
bt08-q04,4,いたします,false
bt08-q05,1,ございます,false
bt08-q05,2,いらっしゃいます,true
bt08-q05,3,おります,false
bt08-q05,4,あります,false
bt08-q06,1,なって,false
bt08-q06,2,すべて,false
bt08-q06,3,預からせて,false
bt08-q06,4,いただくことに,true
bt08-q07,1,研究して,true
bt08-q07,2,ついて,false
bt08-q07,3,おいでになる,false
bt08-q07,4,日米関係に,false
bt08-q08,1,お届け,false
bt08-q08,2,いただければ,true
bt08-q08,3,お申し込み,false
bt08-q08,4,今月中に,false
bt08-q09,1,私はそう存じて,false
bt08-q09,2,生きている,false
bt08-q09,3,とは,true
bt08-q09,4,お金のために,false
bt08-q10,1,同封した,false
bt08-q10,2,お返事くださる,false
bt08-q10,3,葉書にて,true
bt08-q10,4,いかんによらず,false
bt09-q01,1,ご遠慮いただく,false
bt09-q01,2,ご遠慮になれる,false
bt09-q01,3,ご遠慮くださる,true
bt09-q01,4,ご遠慮なさる,false
bt09-q02,1,ご遠慮くださいます,false
bt09-q02,2,ご遠慮願います,true
bt09-q02,3,ご遠慮致します,false
bt09-q02,4,ご遠慮なさいます,false
bt09-q03,1,お聞かせし,false
bt09-q03,2,受け付け,false
bt09-q03,3,お聞きされ,false
bt09-q03,4,承り,true
bt09-q04,1,ご利用になれます,true
bt09-q04,2,ご利用できます,false
bt09-q04,3,ご利用いたします,false
bt09-q04,4,ご利用なさいます,false
bt09-q05,1,ご覧になりたい,false
bt09-q05,2,お目にかけたい,false
bt09-q05,3,ご覧に入れたい,false
bt09-q05,4,お目にかかりたい,true
bt09-q06,1,お譲りできる,false
bt09-q06,2,お譲りになれる,false
bt09-q06,3,お譲りいたす,false
bt09-q06,4,お譲りいただく,true
bt09-q07,1,存じ上げております,false
bt09-q07,2,存じていらっしゃいます,false
bt09-q07,3,存じております,true
bt09-q07,4,ご存じでおります,false
bt09-q08,1,ちょうだいした,true
bt09-q08,2,くださった,false
bt09-q08,3,さし上げる,false
bt09-q08,4,いただく,false
bt09-q09,1,楽しゅう,true
bt09-q09,2,楽しい,false
bt09-q09,3,楽しう,false
bt09-q09,4,楽そう,false
bt09-q10,1,ご記入なさってお願いします,false
bt09-q10,2,ご記入願います,true
bt09-q10,3,ご記入してお願いします,false
bt09-q10,4,ご記入し願います,false
bt10-q01,1,お答えになった,false
bt10-q01,2,お答えされた,false
bt10-q01,3,お答えいたした,false
bt10-q01,4,お答えいただいた,true
bt10-q02,1,ご来店いたした,false
bt10-q02,2,ご来店くださった,true
bt10-q02,3,ご来店していたした,false
bt10-q02,4,ご来店してくださった,false
bt10-q03,1,いただきます,false
bt10-q03,2,いたしてございます,false
bt10-q03,3,申し上げます,true
bt10-q03,4,させられております,false
bt10-q04,1,おる,false
bt10-q04,2,なさる,false
bt10-q04,3,いらっしゃる,true
bt10-q04,4,いたす,false
bt10-q05,1,お目にかかった,true
bt10-q05,2,お伺いした,false
bt10-q05,3,ご覧になった,false
bt10-q05,4,お会いになった,false
bt10-q06,1,ご覧にいれる,false
bt10-q06,2,ご覧になる,false
bt10-q06,3,お越しになる,false
bt10-q06,4,おいでになる,true
bt10-q07,1,なさりたい,false
bt10-q07,2,おりたい,false
bt10-q07,3,まいりたい,true
bt10-q07,4,いたしたい,false
bt10-q08,1,伺って,false
bt10-q08,2,存じて,false
bt10-q08,3,承って,false
bt10-q08,4,ご存じで,true
bt10-q09,1,拝見してくださって,false
bt10-q09,2,拝見させていただいて,true
bt10-q09,3,拝見になって,false
bt10-q09,4,拝見されて,false
bt10-q10,1,ご指導さしあげた,false
bt10-q10,2,ご指導くださった,true
bt10-q10,3,ご指導いただいた,false
bt10-q10,4,ご指導なさった,false
bt11-q01,1,おわび申し上げます,true
bt11-q01,2,おわびいただきます,false
bt11-q01,3,わびていただきます,false
bt11-q01,4,わびていらっしゃいます,false
bt11-q02,1,お持ちいただけますか,false
bt11-q02,2,お持ちになりますか,false
bt11-q02,3,お持ちですか,true
bt11-q02,4,お持ちしますか,false
bt11-q03,1,ご覧のように,true
bt11-q03,2,ご覧いただくために,false
bt11-q03,3,拝見したとおり,false
bt11-q03,4,拝見したきり,false
bt11-q04,1,聞いて,false
bt11-q04,2,聞けて,false
bt11-q04,3,聞かせて,true
bt11-q04,4,聞かれて,false
bt11-q05,1,いらっしゃいました,false
bt11-q05,2,してくださいました,true
bt11-q05,3,まいりました,false
bt11-q05,4,していただきました,false
bt11-q06,1,聞いてあげることは,false
bt11-q06,2,聞いてもらうだけで,true
bt11-q06,3,聞いてくれることに,false
bt11-q06,4,聞いてやるだけが,false
bt11-q07,1,やらせてやりたい,true
bt11-q07,2,やらせていただく,false
bt11-q07,3,やらせてもらった,false
bt11-q07,4,やらせてくれた,false
bt11-q08,1,持ってきてくれるはずだ,false
bt11-q08,2,持ってきてあげるつもりだ,false
bt11-q08,3,持ってきてくれればいい,true
bt11-q08,4,持ってきてあげたほうがいい,false
bt11-q09,1,まいる,false
bt11-q09,2,お目にかかる,false
bt11-q09,3,ご覧になる,false
bt11-q09,4,おいでになる,true
bt11-q10,1,ご存じです,false
bt11-q10,2,ご存じでしょうか,true
bt11-q10,3,ご存じのようです,false
bt11-q10,4,ご存じなのでしょう,false
bt11-q11,1,申し上げます,false
bt11-q11,2,差し上げます,false
bt11-q11,3,いたします,false
bt11-q11,4,うけたまわります,true
bt11-q12,1,お探しでしたら,true
bt11-q12,2,探してくださいましたら,false
bt11-q12,3,お探ししましたら,false
bt11-q12,4,探させていただきましたら,false
bt11-q13,1,やりませんか,false
bt11-q13,2,やってください,true
bt11-q13,3,いただきませんか,false
bt11-q13,4,いただいてください,false
bt11-q14,1,感じてもらう,false
bt11-q14,2,感じてやる,false
bt11-q14,3,感じさせている,false
bt11-q14,4,感じさせられる,true
bt12-q01,1,お持ち,true
bt12-q01,2,お持ちになり,false
bt12-q01,3,持ち,false
bt12-q01,4,持ちにいたし,false
bt12-q02,1,拝見し,false
bt12-q02,2,ごらんになり,false
bt12-q02,3,お目にかけ,true
bt12-q02,4,お目にかかり,false
bt12-q03,1,おありでしたら,true
bt12-q03,2,おありましたら,false
bt12-q03,3,いらっしゃったら,false
bt12-q03,4,おっしゃったら,false
bt12-q04,1,説明していただきます,false
bt12-q04,2,説明していただけません,true
bt12-q04,3,ご説明いたします,false
bt12-q04,4,ご説明になります,false
bt12-q05,1,います,false
bt12-q05,2,おります,false
bt12-q05,3,いられます,false
bt12-q05,4,いらっしゃいます,true
bt12-q06,1,ご教え願え,false
bt12-q06,2,ご教え願い,false
bt12-q06,3,お教え願え,true
bt12-q06,4,お教え願い,false
bt12-q07,1,もうしました,false
bt12-q07,2,まいりました,false
bt12-q07,3,おっしゃいました,true
bt12-q07,4,いらっしゃいました,false
bt12-q08,1,いたせない,false
bt12-q08,2,いただかない,false
bt12-q08,3,なさらない,false
bt12-q08,4,いただけない,true
bt12-q09,1,お招きなさり,false
bt12-q09,2,お招きいただき,true
bt12-q09,3,お招きいたし,false
bt12-q09,4,お招きになり,false
bt12-q10,1,いらっしゃいました,false
bt12-q10,2,くださいました,false
bt12-q10,3,いただきました,false
bt12-q10,4,まいりました,true
bt12-q11,1,うかがって,true
bt12-q11,2,頂載して,false
bt12-q11,3,拝見して,false
bt12-q11,4,ご覧になって,false
bt12-q12,1,大柄なうちに,false
bt12-q12,2,大柄なものの,false
bt12-q12,3,小柄なわりに,false
bt12-q12,4,小柄なうえに,true
bt12-q13,1,教えてさしあげた,false
bt12-q13,2,お教えにされた,false
bt12-q13,3,教えてくださった,true
bt12-q13,4,お教えいたした,false
bt12-q14,1,召してもらいたい,false
bt12-q14,2,拝見させていただきたい,false
bt12-q14,3,上がってもらいたい,false
bt12-q14,4,聞いていただきたい,true
bt12-q15,1,お過ごさせください,false
bt12-q15,2,お過ごしください,true
bt12-q15,3,過ごさせていただきます,false
bt12-q15,4,過ごしていただきます,false
bt13-q01,1,みえます,true
bt13-q01,2,あがります,false
bt13-q01,3,くださいます,false
bt13-q01,4,さしあげます,false
bt13-q02,1,致します,false
bt13-q02,2,承ります,false
bt13-q02,3,存じます,true
bt13-q02,4,申し上げます,false
bt13-q03,1,過ごしてくださる一方で,false
bt13-q03,2,過ごさせてくださる一方で,false
bt13-q03,3,過ごしていただく中で,false
bt13-q03,4,過ごさせていただく中で,true
bt13-q04,1,されますように,true
bt13-q04,2,願ってはどうですか,false
bt13-q04,3,いたしたく思います,false
bt13-q04,4,していらっしゃるでしょうか,false
bt13-q05,1,知っていただけます,false
bt13-q05,2,存じ上げています,true
bt13-q05,3,お目にかかれます,false
bt13-q05,4,お会いになっています,false
bt13-q06,1,知らされておらず,true
bt13-q06,2,知らされていないと,false
bt13-q06,3,知られつつも,false
bt13-q06,4,知られたためか,false
bt13-q07,1,ご覧の結果,false
bt13-q07,2,ご覧になった結果,false
bt13-q07,3,ご覧になった上で,true
bt13-q07,4,ご覧くださった上に,false
bt13-q08,1,かぶって頂きたい,true
bt13-q08,2,かぶらせて頂きたくない,false
bt13-q08,3,かぶってやりたい,false
bt13-q08,4,かぶらせてくれたくない,false
bt13-q09,1,さしあげかねません,false
bt13-q09,2,いたしかねません,false
bt13-q09,3,さしあげかねます,false
bt13-q09,4,いたしかねます,true
bt13-q10,1,お聞きいただけませんか,false
bt13-q10,2,お聞かせ願えますか,true
bt13-q10,3,お話になるでしょうか,false
bt13-q10,4,お話し申し上げましょうか,false
bt13-q11,1,やりぬく,false
bt13-q11,2,やりたがる,false
bt13-q11,3,やられる,false
bt13-q11,4,やらせる,true
bt13-q12,1,嫌で,false
bt13-q12,2,嫌がられ,true
bt13-q12,3,嫌がらず,false
bt13-q12,4,嫌がらせ,false
bt13-q13,1,させられる,true
bt13-q13,2,しつつある,false
bt13-q13,3,なっている,false
bt13-q13,4,されがちな,false
bt13-q14,1,育てられる,false
bt13-q14,2,育たれる,false
bt13-q14,3,育てさせる,true
bt13-q14,4,育つ,false
bt13-q15,1,言われれば,false
bt13-q15,2,言われたら,false
bt13-q15,3,言わせると,true
bt13-q15,4,言わせて,false
bt13-q16,1,に言わせていれば,false
bt13-q16,2,から言わせてやれば,false
bt13-q16,3,に言わせてあげれば,false
bt13-q16,4,から言わせてもらえば,true
bt13-q17,1,別れさせられたり,true
bt13-q17,2,別れたり,false
bt13-q17,3,別れられたり,false
bt13-q17,4,別れさせたり,false
bt13-q18,1,待たせた,false
bt13-q18,2,待たされる,false
bt13-q18,3,待たせる,false
bt13-q18,4,待たされた,true
bt13-q19,1,刺されさえしたら,false
bt13-q19,2,刺されでもしたら,true
bt13-q19,3,刺させるなどしても,false
bt13-q19,4,刺させるくらいしても,false
bt14-q01,1,差し上げたく,false
bt14-q01,2,いたしたく,false
bt14-q01,3,いただきたく,true
bt14-q01,4,申し上げたく,false
bt14-q02,1,詫びでいただきます,false
bt14-q02,2,お詫びいただきます,false
bt14-q02,3,詫びでいらっしゃいます,false
bt14-q02,4,お詫び申し上げます,true
bt14-q03,1,くだざりたい,false
bt14-q03,2,なさりたい,false
bt14-q03,3,になりたい,false
bt14-q03,4,願いたい,true
bt14-q04,1,承ります,false
bt14-q04,2,存じます,true
bt14-q04,3,預かります,false
bt14-q04,4,頂戴します,false
bt14-q05,1,ご覧の結果,false
bt14-q05,2,ご覧になった結果,false
bt14-q05,3,ご覧くださった上に,false
bt14-q05,4,ご覧になった上で,true
bt14-q06,1,なさった,false
bt14-q06,2,差し上げた,false
bt14-q06,3,頂戴した,true
bt14-q06,4,おいでくださった,false
bt14-q07,1,されますように,false
bt14-q07,2,なられますように,true
bt14-q07,3,願ってはどうでしょうか,false
bt14-q07,4,していらっしゃると存じ,false
bt14-q08,1,いたします,false
bt14-q08,2,参ります,true
bt14-q08,3,願います,false
bt14-q08,4,頂戴します,false
bt14-q09,1,願います,true
bt14-q09,2,いたします,false
bt14-q09,3,なさいます,false
bt14-q09,4,申します,false
bt14-q10,1,お聞きいただけませんか,false
bt14-q10,2,お話になるでしょうか,false
bt14-q10,3,お聞かせ願えますか,true
bt14-q10,4,お話し申し上げましょうか,false
bt14-q11,1,願います,false
bt14-q11,2,あがります,true
bt14-q11,3,なさいます,false
bt14-q11,4,見えます,false
bt14-q12,1,申し上げてもよろしいですか,false
bt14-q12,2,お詫びくださいませんか,false
bt14-q12,3,伺ってもよろしいでしょうか,false
bt14-q12,4,おしゃってくださいませんか,true
bt14-q13,1,作っていただいてはいかがでしょうか,false
bt14-q13,2,作っていただいたと思うんですが,false
bt14-q13,3,作っていただけると助かるんですが,true
bt14-q13,4,作っていただくんでしょうか,false
bt14-q14,1,聞いてくださる一方で,false
bt14-q14,2,聞いていただく中で,false
bt14-q14,3,聞かせてくださる一方で,false
bt14-q14,4,聞かせていただく中で,true
bt14-q15,1,なさいます,true
bt14-q15,2,いただきます,false
bt14-q15,3,申します,false
bt14-q15,4,願います,false
bt14-q16,1,待っておいでになります,false
bt14-q16,2,お待ち申し上げております,false
bt14-q16,3,待たせていただくことにしましょうか,true
bt14-q16,4,待っていただくわけにはいきませんか,false
bt14-q17,1,存じ上げています,true
bt14-q17,2,知っていただけます,false
bt14-q17,3,ご存知です,false
bt14-q17,4,市って差し上げ,false
bt14-q18,1,楽しゅう,true
bt14-q18,2,楽しい,false
bt14-q18,3,楽しかった,false
bt14-q18,4,楽しくて,false
bt15-q01,1,おかけなさいますよ,false
bt15-q01,2,おかけになりますよ,false
bt15-q01,3,おかけられますよ,false
bt15-q01,4,おかけになれますよ,true
bt15-q02,1,終了していただきます,false
bt15-q02,2,終了なさっております,false
bt15-q02,3,終了させていただきます,true
bt15-q02,4,終了していらっしゃいます,false
bt15-q03,1,まいられました,false
bt15-q03,2,うかがってくださいました,false
bt15-q03,3,お越しいただきました,false
bt15-q03,4,お見えになりました,true
bt15-q04,1,お目にかけて,false
bt15-q04,2,お目にかかられて,false
bt15-q04,3,お目にかかれて,true
bt15-q04,4,お目にかけられて,false
bt15-q05,1,ご遠慮いたさないで,false
bt15-q05,2,ご遠慮なさらないで,true
bt15-q05,3,ご遠慮いただけないで,false
bt15-q05,4,ご遠慮させないで,false
bt15-q06,1,お寄りいたした,false
bt15-q06,2,お見えされた,false
bt15-q06,3,お越しさせた,false
bt15-q06,4,おいでいただいた,true
bt15-q07,1,申し上げます,false
bt15-q07,2,存じます,true
bt15-q07,3,申されます,false
bt15-q07,4,ご存じです,false
bt15-q08,1,伺いにまいります,true
bt15-q08,2,伺いに見えます,false
bt15-q08,3,伺いにいらっしゃいます,false
bt15-q08,4,伺わせてまいります,false
bt15-q09,1,ご心配いたしますね,false
bt15-q09,2,ご心配ですね,true
bt15-q09,3,ご心配させますね,false
bt15-q09,4,ご心配しておりますね,false
bt15-q10,1,お持ちなさいますか,false
bt15-q10,2,お持ちいたしましょうか,true
bt15-q10,3,お持ちいただけますか,false
bt15-q10,4,お持ちさしあげましょうか,false
bt15-q11,1,ご案内存じ上げます,false
bt15-q11,2,ご案内うけたまわります,false
bt15-q11,3,ご案内申し上げます,true
bt15-q11,4,ご案内願います,false
bt15-q12,1,おあがりください,true
bt15-q12,2,おあがりされてください,false
bt15-q12,3,召し上がられてください,false
bt15-q12,4,お召しになってください,false
bt15-q13,1,お届けになれます,false
bt15-q13,2,お届けられます,false
bt15-q13,3,お届けできます,true
bt15-q13,4,お届けされます,false
bt15-q14,1,ご説明させていただけませんか,false
bt15-q14,2,ご説明いただけませんか,true
bt15-q14,3,ご説明いただきませんか,false
bt15-q14,4,ご説明させてくださいませんか,false
bt15-q15,1,お会いになった,false
bt15-q15,2,ご覧になった,false
bt15-q15,3,お会いした,true
bt15-q15,4,拝見した,false
bt15-q16,1,ご報告いたします,true
bt15-q16,2,ご報告になります,false
bt15-q16,3,ご報告いただきます,false
bt15-q16,4,ご報告なさいます,false
bt15-q17,1,寒くなってまいりましたが,true
bt15-q17,2,寒くなさっておりますが,false
bt15-q17,3,寒くなってございますが,false
bt15-q17,4,寒くてございますが,false
bt15-q18,1,ご愛用なさいまして,false
bt15-q18,2,ご愛用いただきまして,true
bt15-q18,3,ご愛用いたしまして,false
bt15-q18,4,ご愛用さしあげまして,false
bt15-q19,1,お伺いなさり,false
bt15-q19,2,おまいりになられ,false
bt15-q19,3,いらっしゃられ,false
bt15-q19,4,お越しくださり,true
bt15-q20,1,借りていただいても,false
bt15-q20,2,お借りさせても,false
bt15-q20,3,お借りしても,true
bt15-q20,4,借りられても,false
bt16-q01,1,いただいた,false
bt16-q01,2,くださった,true
bt16-q01,3,いたした,false
bt16-q01,4,さしあげた,false
bt16-q02,1,られて,false
bt16-q02,2,されて,false
bt16-q02,3,いただれ,false
bt16-q02,4,くださり,true
bt16-q03,1,おいでくださって,true
bt16-q03,2,参ってさしあげて,false
bt16-q03,3,来てさしあげて,false
bt16-q03,4,来られてくださって,false
bt16-q04,1,お召し上がってください,false
bt16-q04,2,お召し上がりください,true
bt16-q04,3,召し上がりなさってください,false
bt16-q04,4,召し上がらせてください,false
bt16-q05,1,申し,false
bt16-q05,2,いただき,true
bt16-q05,3,いたし,false
bt16-q05,4,ねがい,false
bt16-q06,1,です,false
bt16-q06,2,います,false
bt16-q06,3,します,true
bt16-q06,4,なります,false
bt16-q07,1,しましょう,true
bt16-q07,2,にしましょう,false
bt16-q07,3,なりましょう,false
bt16-q07,4,になりましょう,false
bt16-q08,1,されても,false
bt16-q08,2,しても,true
bt16-q08,3,なさっても,false
bt16-q08,4,くださっても,false
bt16-q09,1,お書きした,false
bt16-q09,2,お書きになった,true
bt16-q09,3,お書かれなった,false
bt16-q09,4,お書かれした,false
bt16-q10,1,になって,true
bt16-q10,2,して,false
bt16-q10,3,になさって,false
bt16-q10,4,させて,false
bt16-q11,1,うかがった,false
bt16-q11,2,まいった,false
bt16-q11,3,おこしになった,true
bt16-q11,4,おじゃました,false
bt16-q12,1,して,false
bt16-q12,2,させて,true
bt16-q12,3,なさって,false
bt16-q12,4,いたして,false
bt16-q13,1,休まれて,false
bt16-q13,2,お休みになって,false
bt16-q13,3,お休みいたして,false
bt16-q13,4,休ませて,true
bt16-q14,1,読まれて,false
bt16-q14,2,お読みに,true
bt16-q14,3,読ませて,false
bt16-q14,4,読まされて,false
bt16-q15,1,置かせてくださっても,false
bt16-q15,2,お置きくださっても,false
bt16-q15,3,置かせていただいても,true
bt16-q15,4,お置きになっても,false
bt16-q16,1,やっていただけないでしょうか,false
bt16-q16,2,やらせていただけないでしょうか,true
bt16-q16,3,やってもよろしいでしょうか,false
bt16-q16,4,やらせてもよろしいでしょうか,false
bt16-q17,1,やらせていただきます,true
bt16-q17,2,やっていただきます,false
bt16-q17,3,やってくださいます,false
bt16-q17,4,やらせていくださいます,false
bt16-q18,1,拝見して,false
bt16-q18,2,ご覧になって,false
bt16-q18,3,拝見させて,true
bt16-q18,4,ご覧にならせて,false
bt16-q19,1,いかれて,false
bt16-q19,2,いかせて,true
bt16-q19,3,いかされて,false
bt16-q19,4,いかせられて,false
bt16-q20,1,帰られて,false
bt16-q20,2,帰らせて,true
bt16-q20,3,帰されて,false
bt16-q20,4,帰らされて,false
bt16-q21,1,使わせてくださっても,false
bt16-q21,2,使わせていただいても,true
bt16-q21,3,使ってあげっても,false
bt16-q21,4,使ってくれても,false
bt16-q22,1,うかがった,true
bt16-q22,2,うかがわれた,false
bt16-q22,3,うかがわせる,false
bt16-q22,4,うかがっている,false
bt16-q23,1,お招きいたし,false
bt16-q23,2,お招きなさり,false
bt16-q23,3,お招きになり,false
bt16-q23,4,お招きいただき,true
bt16-q24,1,られなくても,false
bt16-q24,2,されなくても,false
bt16-q24,3,いたさなくても,false
bt16-q24,4,くださらなくても,true
bt16-q25,1,おかけする,false
bt16-q25,2,おかけになる,true
bt16-q25,3,おかけられなる,false
bt16-q25,4,おかけられする,false
bt16-q26,1,ご相談して,false
bt16-q26,2,ご相談に,false
bt16-q26,3,ご相談,true
bt16-q26,4,ご相談になって,false
bt16-q27,1,あがりました,true
bt16-q27,2,おいでになりました,false
bt16-q27,3,みえました,false
bt16-q27,4,うけたまわりました,false
bt16-q28,1,おじゃまになる,false
bt16-q28,2,おこしになる,true
bt16-q28,3,おありになる,false
bt16-q28,4,おいきになる,false
bt16-q29,1,終わらせてくださいます,false
bt16-q29,2,お終わりくださいます,false
bt16-q29,3,終わらせていただきます,true
bt16-q29,4,お終わりになります,false
bt16-q30,1,退去していただきます,true
bt16-q30,2,退去させてもらいます,false
bt16-q30,3,退去させてさしあげます,false
bt16-q30,4,退去させていただけます,false
bt16-q31,1,いたします,false
bt16-q31,2,まいります,false
bt16-q31,3,なさいます,false
bt16-q31,4,ございます,true
bt16-q32,1,なさらない,false
bt16-q32,2,ならない,false
bt16-q32,3,召さない,true
bt16-q32,4,存じない,false
